{
  "creator": "Yosys 0.60 (git sha1 UNKNOWN, g++ 11.4.0-1ubuntu1~22.04.2 -fPIC -O3)",
  "modules": {
    "fsm": {
      "attributes": {
        "top": "00000000000000000000000000000001",
        "src": "designs/src/fsm/fsm.v:1.8"
      },
      "ports": {
        "clk": {
          "direction": "input",
          "bits": [ 2 ]
        },
        "reset": {
          "direction": "input",
          "bits": [ 3 ]
        },
        "wake_up_sg": {
          "direction": "input",
          "bits": [ 4 ]
        },
        "power_on": {
          "direction": "input",
          "bits": [ 5 ]
        },
        "timer_done": {
          "direction": "input",
          "bits": [ 6 ]
        },
        "adc_done": {
          "direction": "input",
          "bits": [ 7 ]
        },
        "uart_done": {
          "direction": "input",
          "bits": [ 8 ]
        },
        "uart_busy": {
          "direction": "input",
          "bits": [ 9 ]
        },
        "adc_en": {
          "direction": "output",
          "bits": [ 10 ]
        },
        "uart_en": {
          "direction": "output",
          "bits": [ 10 ]
        },
        "clk_gating_en": {
          "direction": "output",
          "bits": [ 10 ]
        },
        "sc_en": {
          "direction": "output",
          "bits": [ 10 ]
        },
        "adc_start": {
          "direction": "output",
          "bits": [ 11 ]
        },
        "Timer_en": {
          "direction": "output",
          "bits": [ 12 ]
        },
        "tx_start": {
          "direction": "output",
          "bits": [ 13 ]
        }
      },
      "cells": {
        "$auto$fsm_map.cc:121:implement_pattern_cache$642": {
          "hide_name": 1,
          "type": "$and",
          "parameters": {
            "A_SIGNED": "00000000000000000000000000000000",
            "A_WIDTH": "00000000000000000000000000000001",
            "B_SIGNED": "00000000000000000000000000000000",
            "B_WIDTH": "00000000000000000000000000000001",
            "Y_WIDTH": "00000000000000000000000000000001"
          },
          "attributes": {
          },
          "port_directions": {
            "A": "input",
            "B": "input",
            "Y": "output"
          },
          "connections": {
            "A": [ 14 ],
            "B": [ 15 ],
            "Y": [ 16 ]
          }
        },
        "$auto$fsm_map.cc:121:implement_pattern_cache$646": {
          "hide_name": 1,
          "type": "$and",
          "parameters": {
            "A_SIGNED": "00000000000000000000000000000000",
            "A_WIDTH": "00000000000000000000000000000001",
            "B_SIGNED": "00000000000000000000000000000000",
            "B_WIDTH": "00000000000000000000000000000001",
            "Y_WIDTH": "00000000000000000000000000000001"
          },
          "attributes": {
          },
          "port_directions": {
            "A": "input",
            "B": "input",
            "Y": "output"
          },
          "connections": {
            "A": [ 8 ],
            "B": [ 17 ],
            "Y": [ 18 ]
          }
        },
        "$auto$fsm_map.cc:121:implement_pattern_cache$651": {
          "hide_name": 1,
          "type": "$and",
          "parameters": {
            "A_SIGNED": "00000000000000000000000000000000",
            "A_WIDTH": "00000000000000000000000000000001",
            "B_SIGNED": "00000000000000000000000000000000",
            "B_WIDTH": "00000000000000000000000000000001",
            "Y_WIDTH": "00000000000000000000000000000001"
          },
          "attributes": {
          },
          "port_directions": {
            "A": "input",
            "B": "input",
            "Y": "output"
          },
          "connections": {
            "A": [ 19 ],
            "B": [ 20 ],
            "Y": [ 21 ]
          }
        },
        "$auto$fsm_map.cc:121:implement_pattern_cache$656": {
          "hide_name": 1,
          "type": "$and",
          "parameters": {
            "A_SIGNED": "00000000000000000000000000000000",
            "A_WIDTH": "00000000000000000000000000000001",
            "B_SIGNED": "00000000000000000000000000000000",
            "B_WIDTH": "00000000000000000000000000000001",
            "Y_WIDTH": "00000000000000000000000000000001"
          },
          "attributes": {
          },
          "port_directions": {
            "A": "input",
            "B": "input",
            "Y": "output"
          },
          "connections": {
            "A": [ 22 ],
            "B": [ 23 ],
            "Y": [ 24 ]
          }
        },
        "$auto$fsm_map.cc:121:implement_pattern_cache$661": {
          "hide_name": 1,
          "type": "$and",
          "parameters": {
            "A_SIGNED": "00000000000000000000000000000000",
            "A_WIDTH": "00000000000000000000000000000001",
            "B_SIGNED": "00000000000000000000000000000000",
            "B_WIDTH": "00000000000000000000000000000001",
            "Y_WIDTH": "00000000000000000000000000000001"
          },
          "attributes": {
          },
          "port_directions": {
            "A": "input",
            "B": "input",
            "Y": "output"
          },
          "connections": {
            "A": [ 25 ],
            "B": [ 17 ],
            "Y": [ 26 ]
          }
        },
        "$auto$fsm_map.cc:121:implement_pattern_cache$665": {
          "hide_name": 1,
          "type": "$and",
          "parameters": {
            "A_SIGNED": "00000000000000000000000000000000",
            "A_WIDTH": "00000000000000000000000000000001",
            "B_SIGNED": "00000000000000000000000000000000",
            "B_WIDTH": "00000000000000000000000000000001",
            "Y_WIDTH": "00000000000000000000000000000001"
          },
          "attributes": {
          },
          "port_directions": {
            "A": "input",
            "B": "input",
            "Y": "output"
          },
          "connections": {
            "A": [ 27 ],
            "B": [ 28 ],
            "Y": [ 29 ]
          }
        },
        "$auto$fsm_map.cc:121:implement_pattern_cache$670": {
          "hide_name": 1,
          "type": "$and",
          "parameters": {
            "A_SIGNED": "00000000000000000000000000000000",
            "A_WIDTH": "00000000000000000000000000000001",
            "B_SIGNED": "00000000000000000000000000000000",
            "B_WIDTH": "00000000000000000000000000000001",
            "Y_WIDTH": "00000000000000000000000000000001"
          },
          "attributes": {
          },
          "port_directions": {
            "A": "input",
            "B": "input",
            "Y": "output"
          },
          "connections": {
            "A": [ 4 ],
            "B": [ 15 ],
            "Y": [ 30 ]
          }
        },
        "$auto$fsm_map.cc:121:implement_pattern_cache$674": {
          "hide_name": 1,
          "type": "$and",
          "parameters": {
            "A_SIGNED": "00000000000000000000000000000000",
            "A_WIDTH": "00000000000000000000000000000001",
            "B_SIGNED": "00000000000000000000000000000000",
            "B_WIDTH": "00000000000000000000000000000001",
            "Y_WIDTH": "00000000000000000000000000000001"
          },
          "attributes": {
          },
          "port_directions": {
            "A": "input",
            "B": "input",
            "Y": "output"
          },
          "connections": {
            "A": [ 9 ],
            "B": [ 28 ],
            "Y": [ 31 ]
          }
        },
        "$auto$fsm_map.cc:121:implement_pattern_cache$678": {
          "hide_name": 1,
          "type": "$and",
          "parameters": {
            "A_SIGNED": "00000000000000000000000000000000",
            "A_WIDTH": "00000000000000000000000000000001",
            "B_SIGNED": "00000000000000000000000000000000",
            "B_WIDTH": "00000000000000000000000000000001",
            "Y_WIDTH": "00000000000000000000000000000001"
          },
          "attributes": {
          },
          "port_directions": {
            "A": "input",
            "B": "input",
            "Y": "output"
          },
          "connections": {
            "A": [ 7 ],
            "B": [ 20 ],
            "Y": [ 32 ]
          }
        },
        "$auto$fsm_map.cc:121:implement_pattern_cache$683": {
          "hide_name": 1,
          "type": "$and",
          "parameters": {
            "A_SIGNED": "00000000000000000000000000000000",
            "A_WIDTH": "00000000000000000000000000000001",
            "B_SIGNED": "00000000000000000000000000000000",
            "B_WIDTH": "00000000000000000000000000000001",
            "Y_WIDTH": "00000000000000000000000000000001"
          },
          "attributes": {
          },
          "port_directions": {
            "A": "input",
            "B": "input",
            "Y": "output"
          },
          "connections": {
            "A": [ 6 ],
            "B": [ 23 ],
            "Y": [ 33 ]
          }
        },
        "$auto$fsm_map.cc:144:implement_pattern_cache$647": {
          "hide_name": 1,
          "type": "$reduce_or",
          "parameters": {
            "A_SIGNED": "00000000000000000000000000000000",
            "A_WIDTH": "00000000000000000000000000000010",
            "Y_WIDTH": "00000000000000000000000000000001"
          },
          "attributes": {
          },
          "port_directions": {
            "A": "input",
            "Y": "output"
          },
          "connections": {
            "A": [ 18, 16 ],
            "Y": [ 34 ]
          }
        },
        "$auto$fsm_map.cc:144:implement_pattern_cache$652": {
          "hide_name": 1,
          "type": "$reduce_or",
          "parameters": {
            "A_SIGNED": "00000000000000000000000000000000",
            "A_WIDTH": "00000000000000000000000000000010",
            "Y_WIDTH": "00000000000000000000000000000001"
          },
          "attributes": {
          },
          "port_directions": {
            "A": "input",
            "Y": "output"
          },
          "connections": {
            "A": [ 21, 35 ],
            "Y": [ 36 ]
          }
        },
        "$auto$fsm_map.cc:144:implement_pattern_cache$657": {
          "hide_name": 1,
          "type": "$reduce_or",
          "parameters": {
            "A_SIGNED": "00000000000000000000000000000000",
            "A_WIDTH": "00000000000000000000000000000010",
            "Y_WIDTH": "00000000000000000000000000000001"
          },
          "attributes": {
          },
          "port_directions": {
            "A": "input",
            "Y": "output"
          },
          "connections": {
            "A": [ 24, 37 ],
            "Y": [ 38 ]
          }
        },
        "$auto$fsm_map.cc:144:implement_pattern_cache$666": {
          "hide_name": 1,
          "type": "$reduce_or",
          "parameters": {
            "A_SIGNED": "00000000000000000000000000000000",
            "A_WIDTH": "00000000000000000000000000000010",
            "Y_WIDTH": "00000000000000000000000000000001"
          },
          "attributes": {
          },
          "port_directions": {
            "A": "input",
            "Y": "output"
          },
          "connections": {
            "A": [ 29, 26 ],
            "Y": [ 39 ]
          }
        },
        "$auto$fsm_map.cc:144:implement_pattern_cache$679": {
          "hide_name": 1,
          "type": "$reduce_or",
          "parameters": {
            "A_SIGNED": "00000000000000000000000000000000",
            "A_WIDTH": "00000000000000000000000000000010",
            "Y_WIDTH": "00000000000000000000000000000001"
          },
          "attributes": {
          },
          "port_directions": {
            "A": "input",
            "Y": "output"
          },
          "connections": {
            "A": [ 32, 31 ],
            "Y": [ 40 ]
          }
        },
        "$auto$fsm_map.cc:172:map_fsm$636": {
          "hide_name": 1,
          "type": "$adff",
          "parameters": {
            "ARST_POLARITY": "1",
            "ARST_VALUE": "0000001",
            "CLK_POLARITY": "1",
            "WIDTH": "00000000000000000000000000000111"
          },
          "attributes": {
          },
          "port_directions": {
            "ARST": "input",
            "CLK": "input",
            "D": "input",
            "Q": "output"
          },
          "connections": {
            "ARST": [ 3 ],
            "CLK": [ 2 ],
            "D": [ 34, 36, 38, 39, 30, 40, 33 ],
            "Q": [ 15, 20, 23, 17, 37, 28, 35 ]
          }
        },
        "$auto$fsm_map.cc:77:implement_pattern_cache$640": {
          "hide_name": 1,
          "type": "$not",
          "parameters": {
            "A_SIGNED": "00000000000000000000000000000000",
            "A_WIDTH": "00000000000000000000000000000001",
            "Y_WIDTH": "00000000000000000000000000000001"
          },
          "attributes": {
          },
          "port_directions": {
            "A": "input",
            "Y": "output"
          },
          "connections": {
            "A": [ 4 ],
            "Y": [ 14 ]
          }
        },
        "$auto$fsm_map.cc:77:implement_pattern_cache$649": {
          "hide_name": 1,
          "type": "$not",
          "parameters": {
            "A_SIGNED": "00000000000000000000000000000000",
            "A_WIDTH": "00000000000000000000000000000001",
            "Y_WIDTH": "00000000000000000000000000000001"
          },
          "attributes": {
          },
          "port_directions": {
            "A": "input",
            "Y": "output"
          },
          "connections": {
            "A": [ 7 ],
            "Y": [ 19 ]
          }
        },
        "$auto$fsm_map.cc:77:implement_pattern_cache$654": {
          "hide_name": 1,
          "type": "$not",
          "parameters": {
            "A_SIGNED": "00000000000000000000000000000000",
            "A_WIDTH": "00000000000000000000000000000001",
            "Y_WIDTH": "00000000000000000000000000000001"
          },
          "attributes": {
          },
          "port_directions": {
            "A": "input",
            "Y": "output"
          },
          "connections": {
            "A": [ 6 ],
            "Y": [ 22 ]
          }
        },
        "$auto$fsm_map.cc:77:implement_pattern_cache$659": {
          "hide_name": 1,
          "type": "$not",
          "parameters": {
            "A_SIGNED": "00000000000000000000000000000000",
            "A_WIDTH": "00000000000000000000000000000001",
            "Y_WIDTH": "00000000000000000000000000000001"
          },
          "attributes": {
          },
          "port_directions": {
            "A": "input",
            "Y": "output"
          },
          "connections": {
            "A": [ 8 ],
            "Y": [ 25 ]
          }
        },
        "$auto$fsm_map.cc:77:implement_pattern_cache$663": {
          "hide_name": 1,
          "type": "$not",
          "parameters": {
            "A_SIGNED": "00000000000000000000000000000000",
            "A_WIDTH": "00000000000000000000000000000001",
            "Y_WIDTH": "00000000000000000000000000000001"
          },
          "attributes": {
          },
          "port_directions": {
            "A": "input",
            "Y": "output"
          },
          "connections": {
            "A": [ 9 ],
            "Y": [ 27 ]
          }
        },
        "$procmux$578": {
          "hide_name": 1,
          "type": "$mux",
          "parameters": {
            "WIDTH": "00000000000000000000000000000001"
          },
          "attributes": {
            "full_case": "00000000000000000000000000000001",
            "src": "designs/src/fsm/fsm.v:91.24-95.16|designs/src/fsm/fsm.v:56.9-100.16"
          },
          "port_directions": {
            "A": "input",
            "B": "input",
            "S": "input",
            "Y": "output"
          },
          "connections": {
            "A": [ "0" ],
            "B": [ "1" ],
            "S": [ 17 ],
            "Y": [ 13 ]
          }
        },
        "$procmux$586": {
          "hide_name": 1,
          "type": "$mux",
          "parameters": {
            "WIDTH": "00000000000000000000000000000001"
          },
          "attributes": {
            "full_case": "00000000000000000000000000000001",
            "src": "designs/src/fsm/fsm.v:70.22-74.16|designs/src/fsm/fsm.v:56.9-100.16"
          },
          "port_directions": {
            "A": "input",
            "B": "input",
            "S": "input",
            "Y": "output"
          },
          "connections": {
            "A": [ "0" ],
            "B": [ "1" ],
            "S": [ 23 ],
            "Y": [ 12 ]
          }
        },
        "$procmux$592": {
          "hide_name": 1,
          "type": "$mux",
          "parameters": {
            "WIDTH": "00000000000000000000000000000001"
          },
          "attributes": {
            "full_case": "00000000000000000000000000000001",
            "src": "designs/src/fsm/fsm.v:76.24-79.16|designs/src/fsm/fsm.v:56.9-100.16"
          },
          "port_directions": {
            "A": "input",
            "B": "input",
            "S": "input",
            "Y": "output"
          },
          "connections": {
            "A": [ "0" ],
            "B": [ "1" ],
            "S": [ 35 ],
            "Y": [ 11 ]
          }
        },
        "$procmux$600": {
          "hide_name": 1,
          "type": "$mux",
          "parameters": {
            "WIDTH": "00000000000000000000000000000001"
          },
          "attributes": {
            "full_case": "00000000000000000000000000000001",
            "src": "designs/src/fsm/fsm.v:62.22-68.16|designs/src/fsm/fsm.v:56.9-100.16"
          },
          "port_directions": {
            "A": "input",
            "B": "input",
            "S": "input",
            "Y": "output"
          },
          "connections": {
            "A": [ "0" ],
            "B": [ "1" ],
            "S": [ 37 ],
            "Y": [ 10 ]
          }
        }
      },
      "netnames": {
        "$auto$fsm_map.cc:118:implement_pattern_cache$641": {
          "hide_name": 1,
          "bits": [ 16 ],
          "attributes": {
          }
        },
        "$auto$fsm_map.cc:118:implement_pattern_cache$645": {
          "hide_name": 1,
          "bits": [ 18 ],
          "attributes": {
          }
        },
        "$auto$fsm_map.cc:118:implement_pattern_cache$650": {
          "hide_name": 1,
          "bits": [ 21 ],
          "attributes": {
          }
        },
        "$auto$fsm_map.cc:118:implement_pattern_cache$655": {
          "hide_name": 1,
          "bits": [ 24 ],
          "attributes": {
          }
        },
        "$auto$fsm_map.cc:118:implement_pattern_cache$660": {
          "hide_name": 1,
          "bits": [ 26 ],
          "attributes": {
          }
        },
        "$auto$fsm_map.cc:118:implement_pattern_cache$664": {
          "hide_name": 1,
          "bits": [ 29 ],
          "attributes": {
          }
        },
        "$auto$fsm_map.cc:118:implement_pattern_cache$669": {
          "hide_name": 1,
          "bits": [ 30 ],
          "attributes": {
          }
        },
        "$auto$fsm_map.cc:118:implement_pattern_cache$673": {
          "hide_name": 1,
          "bits": [ 31 ],
          "attributes": {
          }
        },
        "$auto$fsm_map.cc:118:implement_pattern_cache$677": {
          "hide_name": 1,
          "bits": [ 32 ],
          "attributes": {
          }
        },
        "$auto$fsm_map.cc:118:implement_pattern_cache$682": {
          "hide_name": 1,
          "bits": [ 33 ],
          "attributes": {
          }
        },
        "$auto$fsm_map.cc:170:map_fsm$635": {
          "hide_name": 1,
          "bits": [ 34, 36, 38, 39, 30, 40, 33 ],
          "attributes": {
          }
        },
        "$auto$fsm_map.cc:74:implement_pattern_cache$639": {
          "hide_name": 1,
          "bits": [ 14 ],
          "attributes": {
          }
        },
        "$auto$fsm_map.cc:74:implement_pattern_cache$648": {
          "hide_name": 1,
          "bits": [ 19 ],
          "attributes": {
          }
        },
        "$auto$fsm_map.cc:74:implement_pattern_cache$653": {
          "hide_name": 1,
          "bits": [ 22 ],
          "attributes": {
          }
        },
        "$auto$fsm_map.cc:74:implement_pattern_cache$658": {
          "hide_name": 1,
          "bits": [ 25 ],
          "attributes": {
          }
        },
        "$auto$fsm_map.cc:74:implement_pattern_cache$662": {
          "hide_name": 1,
          "bits": [ 27 ],
          "attributes": {
          }
        },
        "Timer_en": {
          "hide_name": 0,
          "bits": [ 12 ],
          "attributes": {
            "src": "designs/src/fsm/fsm.v:17.17"
          }
        },
        "adc_done": {
          "hide_name": 0,
          "bits": [ 7 ],
          "attributes": {
            "src": "designs/src/fsm/fsm.v:7.17"
          }
        },
        "adc_en": {
          "hide_name": 0,
          "bits": [ 10 ],
          "attributes": {
            "src": "designs/src/fsm/fsm.v:12.17"
          }
        },
        "adc_start": {
          "hide_name": 0,
          "bits": [ 11 ],
          "attributes": {
            "src": "designs/src/fsm/fsm.v:16.17"
          }
        },
        "clk": {
          "hide_name": 0,
          "bits": [ 2 ],
          "attributes": {
            "src": "designs/src/fsm/fsm.v:2.17"
          }
        },
        "clk_gating_en": {
          "hide_name": 0,
          "bits": [ 10 ],
          "attributes": {
            "src": "designs/src/fsm/fsm.v:14.17"
          }
        },
        "power_on": {
          "hide_name": 0,
          "bits": [ 5 ],
          "attributes": {
            "src": "designs/src/fsm/fsm.v:5.17"
          }
        },
        "reset": {
          "hide_name": 0,
          "bits": [ 3 ],
          "attributes": {
            "src": "designs/src/fsm/fsm.v:3.17"
          }
        },
        "sc_en": {
          "hide_name": 0,
          "bits": [ 10 ],
          "attributes": {
            "src": "designs/src/fsm/fsm.v:15.17"
          }
        },
        "state": {
          "hide_name": 0,
          "bits": [ 15, 20, 23, 17, 37, 28, 35 ],
          "attributes": {
            "onehot": "00000000000000000000000000000001"
          }
        },
        "timer_done": {
          "hide_name": 0,
          "bits": [ 6 ],
          "attributes": {
            "src": "designs/src/fsm/fsm.v:6.17"
          }
        },
        "tx_start": {
          "hide_name": 0,
          "bits": [ 13 ],
          "attributes": {
            "src": "designs/src/fsm/fsm.v:18.17"
          }
        },
        "uart_busy": {
          "hide_name": 0,
          "bits": [ 9 ],
          "attributes": {
            "src": "designs/src/fsm/fsm.v:9.17"
          }
        },
        "uart_done": {
          "hide_name": 0,
          "bits": [ 8 ],
          "attributes": {
            "src": "designs/src/fsm/fsm.v:8.17"
          }
        },
        "uart_en": {
          "hide_name": 0,
          "bits": [ 10 ],
          "attributes": {
            "src": "designs/src/fsm/fsm.v:13.17"
          }
        },
        "wake_up_sg": {
          "hide_name": 0,
          "bits": [ 4 ],
          "attributes": {
            "src": "designs/src/fsm/fsm.v:4.17"
          }
        }
      }
    }
  }
}
